order_id,customer_id,category,value,data
1001,c1,eletronicos,5499.90,2026-01-10
1002,c2,livros,89.90,2026-01-10
1003,c1,eletronicos,129.90,2026-01-11
1004,c3,moveis,1299.00,2026-01-11
1005,c2,eletronicos,349.00,2026-01-12
1006,c4,livros,74.90,2026-01-12
1007,c3,eletronicos,2199.00,2026-01-13
1008,c1,moveis,899.00,2026-01-13
1009,c5,eletronicos,259.90,2026-01-14
1010,c4,eletronicos,199.90,2026-01-14
1011,c2,moveis,149.90,2026-01-15
1012,c5,livros,119.90,2026-01-15
1013,c3,eletronicos,499.90,2026-01-16
1014,c1,livros,89.90,2026-01-16
1015,c4,moveis,1299.00,2026-01-17
