retorno_1d,retorno_5d,media_movel_5,media_movel_10,volume_rel,volatilidade_5,subiu
0.012,0.034,152.30,150.10,1.80,0.012,1
0.008,0.021,98.40,97.20,1.65,0.010,1
0.015,0.040,205.10,201.80,2.10,0.015,1
0.006,0.018,45.60,44.90,1.55,0.009,1
0.021,0.052,120.70,117.30,2.40,0.018,1
0.009,0.027,78.20,76.80,1.70,0.011,1
0.013,0.031,165.40,162.10,1.95,0.014,1
0.018,0.045,88.90,85.70,2.25,0.016,1
0.004,0.014,32.10,31.60,1.50,0.008,1
0.011,0.029,142.80,139.90,1.85,0.013,1
0.016,0.038,190.50,186.40,2.05,0.017,1
0.007,0.019,60.30,59.40,1.60,0.010,1
0.019,0.048,110.20,106.80,2.30,0.019,1
0.010,0.025,135.60,133.10,1.75,0.012,1
0.014,0.036,175.90,171.80,2.00,0.015,1
0.005,0.016,52.40,51.70,1.52,0.009,1
0.022,0.055,99.80,95.40,2.45,0.020,1
0.009,0.023,82.70,81.20,1.68,0.011,1
0.013,0.033,158.30,154.90,1.90,0.014,1
0.017,0.042,128.40,124.10,2.15,0.016,1
0.003,0.012,38.90,38.40,1.48,0.007,1
0.012,0.030,147.20,144.30,1.82,0.013,1
0.015,0.037,183.60,179.20,2.08,0.016,1
0.008,0.020,70.50,69.30,1.62,0.010,1
0.020,0.049,115.70,111.40,2.35,0.018,1
0.006,0.017,48.20,47.50,1.54,0.009,1
0.011,0.028,139.80,136.90,1.78,0.012,1
0.016,0.041,197.40,192.60,2.12,0.017,1
0.007,0.022,64.80,63.70,1.58,0.010,1
0.014,0.035,170.30,166.50,1.98,0.015,1
-0.011,-0.030,151.80,153.90,0.85,0.032,0
-0.008,-0.022,97.60,99.40,0.90,0.028,0
-0.015,-0.041,204.20,208.70,0.70,0.040,0
-0.006,-0.017,44.80,45.90,1.05,0.024,0
-0.020,-0.050,119.40,124.80,0.60,0.045,0
-0.009,-0.026,77.30,79.10,0.88,0.030,0
-0.013,-0.032,164.10,167.90,0.78,0.036,0
-0.018,-0.044,87.20,91.60,0.65,0.042,0
-0.004,-0.013,31.70,32.40,1.10,0.022,0
-0.012,-0.029,141.30,144.80,0.82,0.033,0
-0.016,-0.039,189.10,194.30,0.72,0.038,0
-0.007,-0.018,59.40,60.80,0.95,0.026,0
-0.019,-0.047,109.30,114.60,0.62,0.044,0
-0.010,-0.024,134.20,137.50,0.86,0.031,0
-0.014,-0.037,174.60,179.40,0.75,0.037,0
-0.005,-0.015,51.60,52.70,1.02,0.023,0
-0.021,-0.053,98.70,104.20,0.58,0.048,0
-0.009,-0.021,81.40,83.20,0.89,0.029,0
-0.013,-0.034,157.10,161.00,0.80,0.035,0
-0.017,-0.043,127.30,132.40,0.68,0.041,0
-0.003,-0.011,37.80,38.60,1.12,0.021,0
-0.012,-0.031,145.90,149.70,0.83,0.033,0
-0.015,-0.038,182.20,187.10,0.74,0.038,0
-0.008,-0.019,69.30,70.90,0.92,0.027,0
0.009,0.015,114.30,112.80,1.30,0.022,0
-0.002,0.008,47.10,46.40,1.45,0.019,1
0.005,-0.006,88.60,89.70,0.98,0.028,0
-0.004,0.011,131.70,130.20,1.38,0.020,1
0.014,-0.009,103.40,105.80,0.80,0.034,0
-0.007,0.013,156.80,154.30,1.42,0.023,1
