meses_ativo,gasto_mensal,chamados_suporte,atraso_pagamento,churn
2,45.0,6,1,1
3,30.0,5,1,1
1,38.0,7,1,1
4,52.0,5,1,1
2,41.0,8,1,1
5,60.0,4,1,1
3,35.0,6,1,1
2,48.0,7,0,1
6,70.0,5,1,1
1,28.0,9,1,1
4,55.0,6,1,1
3,33.0,5,0,1
7,80.0,4,1,1
2,44.0,6,1,1
5,62.0,5,1,1
4,50.0,7,1,1
8,95.0,3,1,1
3,39.0,6,0,1
36,120.0,0,0,0
48,210.0,1,0,0
42,180.0,0,0,0
30,110.0,1,0,0
54,250.0,0,0,0
40,160.0,1,0,0
33,130.0,0,0,0
60,300.0,1,0,0
45,200.0,0,0,0
38,150.0,1,0,0
50,230.0,0,0,0
32,125.0,2,0,0
44,190.0,0,0,0
57,280.0,1,0,0
35,140.0,0,0,0
41,175.0,1,0,0
29,105.0,2,0,0
52,240.0,0,0,0
47,205.0,1,0,0
39,155.0,0,0,0
28,100.0,2,1,0
46,195.0,0,0,0
